TradeID,Symbol,Richtung,Kauf,Verkauf,EntryU,SL_U,R,MFE_R,MAE_R,Bars,MFE_Datum,MAE_Datum,Klasse,CF_BE07,CF_BE10,CF_P10,CF_Hinweis,Einstieg_Lage_Pct,Gap_Einstieg_ATR,Max_Gap_gegen_ATR,Abstand_Vortag_ATR,Extension_EMA20_ATR,Einstiegsart,Status
D-064,UNH,Long,2026-06-03,2026-06-18,381.7,368.3,1.27,2.56,0.36,12.0,2026-06-10,2026-06-03,Gewinner (lief),1.27,1.27,1.18,Naeherung: Tranchen ignoriert,46.0,0.25,0.24,0.19,0.16,Markt,ok
D-065,CL=F,Long,2026-06-08,2026-06-12,,,-1.02,,,,,,,,,,,,,,,,unklar,uebersprungen (EntryU/SL_U)
D-066,TKA.DE,Long,2026-06-18,2026-06-22,11.15,10.49,-1.21,0.15,1.3,3.0,2026-06-18,2026-06-22,Einstiegsfehler (lief nie),-1.21,-1.21,-1.21,Naeherung: Tranchen ignoriert,86.0,0.25,0.14,-0.13,0.01,Markt,ok
D-067,CBK.DE,Long,2026-06-18,2026-06-24,38.1,36.43,-0.3,0.46,0.5,5.0,2026-06-19,2026-06-24,unklar,-0.3,-0.3,-0.3,Naeherung: Tranchen ignoriert,36.0,-0.16,0.45,-0.15,1.31,unklar,ok
D-068,ENR.DE,Long,2026-06-22,2026-06-23,170.0,159.0,-1.02,0.38,1.0,2.0,2026-06-22,2026-06-23,Einstiegsfehler (lief nie),-1.02,-1.02,-1.02,Naeherung: Tranchen ignoriert,34.0,0.09,0.65,-0.29,1.16,unklar,ok
D-069,COK.DE,Short,2026-07-07,2026-07-29,24.25,25.48,-0.2,1.1,0.93,17.0,2026-07-10,2026-07-29,"Ausstiegsfehler (lief, dann weg)",0.0,0.0,0.2,Naeherung: Tranchen ignoriert,45.0,-0.0,0.07,-0.5,0.31,unklar,ok
D-070,ADSK,Short,2026-07-09,2026-07-16,208.45,218.0,-1.02,1.09,1.05,6.0,2026-07-09,2026-07-16,"Ausstiegsfehler (lief, dann weg)",-0.37,-0.37,-0.35,CF_BE07: Gap ueber Einstand; CF_BE10: Gap ueber Einstand,4.0,0.63,0.38,-0.28,-0.23,unklar,ok
D-071,CON.DE,Long,2026-07-13,2026-07-23,72.7,69.7,-1.17,0.23,1.16,9.0,2026-07-13,2026-07-23,Einstiegsfehler (lief nie),-1.17,-1.17,-1.17,Naeherung: Tranchen ignoriert,55.0,-0.43,0.89,-0.18,0.09,unklar,ok
D-072,VRTX,Long,2026-07-17,2026-08-10,488.53,463.0,0.3,2.26,0.92,17.0,2026-08-10,2026-07-23,Gewinner (lief),0.3,0.3,0.53,Naeherung: Tranchen ignoriert,45.0,-0.19,0.71,0.09,0.32,unklar,ok
D-073,SIE.DE,Long,2026-07-21,2026-08-04,270.0,259.6,1.22,1.88,0.46,11.0,2026-08-04,2026-07-21,Gewinner (lief),0.0,1.22,1.15,Naeherung: Tranchen ignoriert,91.0,0.08,0.43,0.28,-0.07,unklar,ok
D-074,SIE.DE,Long,2026-08-06,2026-09-01,269.0,256.9,1.11,1.88,0.13,19.0,2026-08-28,2026-08-06,Gewinner (lief),1.11,1.11,1.07,Naeherung: Tranchen ignoriert,20.0,-2.6,0.51,-3.67,-1.21,unklar,ok
D-075,JNJ,Long,2026-08-06,2026-08-21,255.95,246.5,2.83,2.17,0.09,12.0,2026-08-19,2026-08-07,Gewinner (lief),0.0,2.83,2.22,Naeherung: Tranchen ignoriert,10.0,0.65,0.63,-0.53,-0.28,Limit,ok
D-076,ADBE,Short,2026-08-12,2026-08-20,261.3,278.49,-0.87,0.59,0.84,7.0,2026-08-17,2026-08-19,Stop im Rauschen?,-0.87,-0.87,-0.87,Naeherung: Tranchen ignoriert,24.0,0.48,0.51,0.13,-1.18,unklar,ok
D-077,ENR.DE,Long,2026-08-18,2026-08-19,162.08,151.65,-1.01,-0.08,1.01,2.0,2026-08-18,2026-08-19,Einstiegsfehler (lief nie),-1.01,-1.01,-1.01,Naeherung: Tranchen ignoriert,100.0,-0.34,0.0,-0.47,1.13,Limit,ok
D-078,PRY.MI,Long,2026-08-18,2026-08-24,127.6,119.22,-1.05,0.28,1.25,5.0,2026-08-18,2026-08-24,Einstiegsfehler (lief nie),-1.05,-1.05,-1.05,Naeherung: Tranchen ignoriert,58.0,-0.29,0.17,-0.89,0.09,Markt,ok
D-079,CSX,Long,2026-08-18,2026-09-01,,,-0.93,,,,,,,,,,,,,,,,Limit,uebersprungen (EntryU/SL_U)
D-080,AMZN,Long,2026-08-18,2026-09-16,258.16,245.89,-1.06,0.77,1.13,21.0,2026-08-28,2026-09-16,Stop im Rauschen?,0.0,-1.06,-1.06,Naeherung: Tranchen ignoriert,10.0,-0.08,0.68,-0.91,-0.34,Limit,ok
D-081,IBE.MC,Long,2026-08-18,2026-09-01,20.13,19.72,-1.04,0.63,0.9,11.0,2026-08-28,2026-09-01,Stop im Rauschen?,-1.04,-1.04,-1.04,Naeherung: Tranchen ignoriert,29.0,0.0,0.21,-0.57,-1.92,Markt,ok
D-082,SY1.DE,Long,2026-08-20,2026-09-01,88.75,86.05,1.61,2.05,0.35,9.0,2026-09-01,2026-08-20,Gewinner (lief),1.61,1.61,1.41,Naeherung: Tranchen ignoriert,60.0,0.14,0.3,0.38,-0.18,unklar,ok
D-083,MRK.DE,Long,2026-08-21,2026-09-07,138.2,133.58,-1.0,1.14,0.87,12.0,2026-09-01,2026-09-07,"Ausstiegsfehler (lief, dann weg)",0.0,0.0,-0.33,Naeherung: Tranchen ignoriert,100.0,-0.08,0.34,-0.05,-0.55,Markt,ok
D-084,PCAR,Long,2026-08-25,2026-08-28,130.19,125.28,-1.0,0.16,1.16,4.0,2026-08-26,2026-08-28,Einstiegsfehler (lief nie),-1.0,-1.0,-1.0,Naeherung: Tranchen ignoriert,66.0,0.27,0.3,-0.67,-0.09,Markt,ok
D-085,ASML.AS,Long,2026-08-27,2026-09-01,1524.52,1446.82,-1.05,0.21,1.3,4.0,2026-08-27,2026-09-01,Einstiegsfehler (lief nie),-1.05,-1.05,-1.05,Naeherung: Tranchen ignoriert,73.0,0.69,0.2,0.23,0.16,Markt,ok
D-086,MU,Long,2026-08-28,2026-09-24,944.08,853.55,0.99,1.78,0.46,19.0,2026-09-23,2026-09-14,Gewinner (lief),-0.42,-0.42,0.99,CF_BE07: Gap ueber Einstand; CF_BE10: Gap ueber Einstand,93.0,-0.28,1.4,-0.43,0.36,Markt,ok
D-087,OR.PA,Long,2026-09-02,2026-09-23,383.42,372.4,-0.1,0.96,0.95,16.0,2026-09-08,2026-09-10,Stop im Rauschen?,0.0,-0.1,-0.1,Naeherung: Tranchen ignoriert,34.0,0.34,0.55,-0.63,-0.07,Markt,ok
D-088,UNH,Long,2026-09-03,2026-09-09,397.26,384.1,-1.08,0.7,1.46,4.0,2026-09-09,2026-09-09,Stop im Rauschen?,-1.08,-1.08,-1.08,Naeherung: Tranchen ignoriert,20.0,0.04,0.56,-0.46,-0.19,unklar,ok
D-089,KNIN.SW,Long,2026-09-08,2026-09-30,212.96,206.43,1.19,3.04,0.51,17.0,2026-09-24,2026-09-09,Gewinner (lief),0.0,1.19,1.13,Naeherung: Tranchen ignoriert,66.0,0.11,0.22,-0.32,0.01,Limit,ok
D-090,HEN3.DE,Long,2026-09-09,2026-09-10,75.4742,73.7141,-1.02,0.22,1.16,2.0,2026-09-09,2026-09-10,Einstiegsfehler (lief nie),-1.02,-1.02,-1.02,Naeherung: Tranchen ignoriert,81.0,-0.6,0.12,-1.28,-0.54,Limit,ok
D-091,FRE.DE,Long,2026-09-09,2026-09-29,44.4193,43.0339,-1.21,2.08,1.3,15.0,2026-09-28,2026-09-29,"Ausstiegsfehler (lief, dann weg)",0.0,0.0,-0.47,Naeherung: Tranchen ignoriert,47.0,-0.45,0.36,-0.94,-0.74,Limit,ok
D-092,G1A.DE,Long,2026-09-10,2026-10-08,64.0,62.45,1.76,3.23,0.55,21.0,2026-10-07,2026-09-10,Gewinner (lief),1.76,1.76,1.51,Naeherung: Tranchen ignoriert,85.0,-0.39,0.47,-0.98,-1.23,unklar,ok
D-093,DB1.DE,Long,2026-09-11,2026-10-06,276.2113,268.2208,1.76,2.58,0.16,18.0,2026-10-06,2026-09-16,Gewinner (lief),0.0,0.0,1.51,Naeherung: Tranchen ignoriert,20.0,-0.29,0.43,-0.8,-0.66,unklar,ok
D-094,CTAS,Long,2026-09-11,2026-09-23,201.5,195.8542,0.06,0.55,1.81,9.0,2026-09-14,2026-09-23,Gewinner (knapp),0.06,0.06,0.06,Naeherung: Tranchen ignoriert,57.0,0.57,0.56,0.14,-0.03,unklar,ok
D-095,FANG,Long,2026-09-16,2026-09-17,199.92,191.16,-1.05,-0.14,1.03,2.0,2026-09-16,2026-09-17,Einstiegsfehler (lief nie),-1.05,-1.05,-1.05,Naeherung: Tranchen ignoriert,100.0,-2.63,0.53,-2.43,-0.53,Limit,ok
D-096,AD.AS,Short,2026-09-17,2026-09-28,31.83,32.64,-0.89,0.85,0.9,8.0,2026-09-23,2026-09-28,Stop im Rauschen?,0.0,-0.89,-0.89,Naeherung: Tranchen ignoriert,92.0,-0.34,0.58,-0.49,-0.72,Limit,ok
D-097,PFE,Long,2026-09-21,2026-10-02,27.68,26.75,0.0,1.37,0.26,10.0,2026-09-30,2026-10-02,"Ausstiegsfehler (lief, dann weg)",0.0,0.0,0.33,Naeherung: Tranchen ignoriert,38.0,-0.02,0.25,0.04,-0.15,unklar,ok
D-098,MA,Long,2026-09-21,2026-09-22,568.75,555.79,-1.0,0.2,1.21,2.0,2026-09-22,2026-09-22,Einstiegsfehler (lief nie),-1.0,-1.0,-1.0,Naeherung: Tranchen ignoriert,91.0,0.22,0.0,0.04,-0.57,Stop-Buy,ok
D-099,WMT,Short,2026-09-25,2026-10-08,107.47,110.66,-0.18,1.28,1.15,10.0,2026-10-05,2026-10-08,"Ausstiegsfehler (lief, dann weg)",0.0,0.0,0.21,Naeherung: Tranchen ignoriert,40.0,0.25,0.32,0.02,0.26,unklar,ok
D-100,JST.DE,Long,2026-09-28,2026-10-08,61.67,58.97,0.01,0.68,1.17,9.0,2026-10-07,2026-10-08,Gewinner (knapp),0.01,0.01,0.01,Naeherung: Tranchen ignoriert,73.0,0.22,0.34,0.2,0.32,unklar,ok
D-101,DUE.DE,Short,2026-09-30,,17.06,17.88,,1.27,0.32,8.0,2026-10-08,2026-09-30,offen,,,,,54.0,-0.18,0.59,0.27,-0.07,Limit,ok (offen)
D-102,DHL.DE,Long,2026-10-01,2026-10-08,56.55,54.94,-1.09,0.25,1.21,6.0,2026-10-02,2026-10-08,Einstiegsfehler (lief nie),-1.09,-1.09,-1.09,Naeherung: Tranchen ignoriert,77.0,-0.47,0.34,-1.39,0.0,unklar,ok
D-103,RACE.MI,Long,2026-10-02,,341.65,329.0,,0.69,0.09,6.0,2026-10-09,2026-10-05,offen,,,,,0.0,0.03,0.34,-1.04,-1.47,unklar,ok (offen)
D-104,JEN.DE,Long,2026-10-06,2026-10-07,43.51,41.13,-1.07,0.23,1.21,2.0,2026-10-06,2026-10-07,Einstiegsfehler (lief nie),-1.07,-1.07,-1.07,Naeherung: Tranchen ignoriert,71.0,0.46,0.28,-0.3,1.49,Stop-Buy,ok
D-105,FPE3.DE,Long,2026-10-08,,43.95,42.78,,0.73,0.59,2.0,2026-10-09,2026-10-08,offen,,,,,64.0,-0.31,0.23,0.19,1.96,Markt,ok (offen)
A-007,DR0.DE,Long,2026-08-11,2026-08-24,87.6,81.87,0.81,2.16,0.23,10.0,2026-08-20,2026-08-24,Gewinner (lief),0.0,0.0,0.87,Naeherung: Tranchen ignoriert,17.0,0.06,0.23,0.11,1.77,unklar,ok
A-008,NEX.PA,Long,2026-08-17,2026-09-14,141.5,133.15,-1.07,0.51,1.25,21.0,2026-08-27,2026-09-14,Stop im Rauschen?,-1.07,-1.07,-1.07,Naeherung: Tranchen ignoriert,53.0,0.17,0.42,-0.38,1.06,Markt,ok
A-009,NBIS,Long,2026-08-28,2026-10-08,221.96,188.56,0.61,0.99,0.81,29.0,2026-10-06,2026-09-01,Gewinner (knapp),-0.51,0.61,0.61,CF_BE07: Gap ueber Einstand,100.0,-0.32,1.14,-0.32,0.15,Limit,ok
A-010,LLY,Long,2026-09-23,2026-10-08,1180.71,1124.0,-0.54,0.6,0.87,12.0,2026-09-30,2026-10-08,Stop im Rauschen?,-0.54,-0.54,-0.54,Naeherung: Tranchen ignoriert,81.0,0.16,0.16,0.01,0.78,unklar,ok
A-011,SBLK,Long,2026-09-30,,29.785,27.94,,0.67,0.29,8.0,2026-10-05,2026-09-30,offen,,,,,64.0,0.51,0.49,0.21,-0.82,unklar,ok (offen)
