TradeID,Symbol,Richtung,Kauf,Verkauf,EntryU,SL_U,R,Einstiegsart,Quelle_Entry,Quelle_SL,Qualitaet,Score,Sizing_Pct,Score_Quelle
D-064,UNH,Long,2026-06-03,2026-06-18,381.7,368.3,1.27,Markt,"Notes #129: Entry-U ~381,7$ knapp ueber EMA20-4h","Notes #129: Cert-SL 0,536€ (U~368,3$) hart in SB+",E=belegt;SL=belegt,,,
D-065,CL=F,Long,2026-06-08,2026-06-12,,,-1.02,unklar,"12 Stk @ 52,51€ + 1€ TR = 631,12€ Kaufsumme | nur ETP-Preis, kein Underlying-Kurs","SL 37,60€ HART gesetzt | ETP-Preis, kein WTI-Niveau",E=fehlt;SL=fehlt,,1.22,
D-066,TKA.DE,Long,2026-06-18,2026-06-22,11.15,10.49,-1.21,Markt,"220 Stk @ Cert 2,30€ | SB+/Gettex/Goldman (GW5WE) | KO ~8,85€ (Abstand 20,6%, BV 1 | Rechnung: 8,85 + 2,30/1 = 11,15","SL entry-rel Cert 1,64€ (U≈10,49€, −1,5×ATR-1D 0,441)",E=rueckgerechnet;SL=belegt,,,
D-067,CBK.DE,Long,2026-06-18,2026-06-24,38.10,36.43,-0.3,unklar,"90 Stk @ Cert 7,81€ | SB+/Gettex/DZ BANK (DU931V) | KO ~30,29€ (Abstand 20,5%, BV 1 | Rechnung: 30,29 + 7,81/1 = 38,10","SL entry-rel Cert 6,14€ (U≈36,43€, −1,5×ATR-1D 1,112)",E=rueckgerechnet;SL=belegt,,0.30,
D-068,ENR.DE,Long,2026-06-22,2026-06-23,170.00,159.00,-1.02,unklar,"150 Stk @ Cert 3,48€ | KO ~135,20€ rueckgerechnet (BV 0,1 | Rechnung: 135,20 + 3,48/0,1 = 170,00","SL Cert 2,38€ (U159)",E=rueckgerechnet;SL=belegt,,1.13,
D-069,COK.DE,Short,2026-07-07,2026-07-29,24.25,25.48,-0.2,unklar,"ueber Einstand 4,78 | Rechnung Short BV 1,0: KO 29,03 (Notes #211: harte SL 3,55 bei U 25,48 -> KO ~29,03) - 4,78 = 24,25","Harte Aussen-SL Zert 3,55 (U 25,48) bleibt",E=rueckgerechnet;SL=belegt,,,
D-070,ADSK,Short,2026-07-09,2026-07-16,208.45,218.00,-1.02,unklar,"R:R ~2,0/2,8 ab 208,45$","PLAN Underlying ADSK $: SL/TIW 218$ (EMA50-1D-Reclaim, Daily-Close)",E=belegt;SL=belegt,,1.28,
D-071,CON.DE,Long,2026-07-13,2026-07-23,72.70,69.70,-1.17,unklar,"Underlying-Entry 72,70E","SL Zert 1,17E (Underlying 69,70E = -1,5xATR-1D 2,005, unter EMA50 70,71)",E=belegt;SL=belegt,6.0,2.33,Journal-Notiz
D-072,VRTX,Long,2026-07-17,2026-08-10,488.53,463.00,0.3,unklar,"KO ~386,50 USD, BV 0,1, NON-QUANTO. Faktor BV/FX bei EURUSD 1,15423 = 0,086638 | Rechnung: 386,50 + 8,84 (=709,20-2,00 Geb./80)/0,086638 = 488,53","Der SL 463$ lag 0,91 ATR UEBER der TIW 451$",E=rueckgerechnet;SL=belegt,,1.46,
D-073,SIE.DE,Long,2026-07-21,2026-08-04,270.00,259.60,1.22,unklar,"KO ~216€ / BV 0,1 weiter ABGELEITET | Rechnung: 216 + 5,40/0,1 = 270,00","Notes #205: SL/TP am 22.07 eingetragen (SL 4,36€ / TP1 6,20€ / TP2 7,00€) | Rechnung: 216 + 4,36/0,1 = 259,60",E=rueckgerechnet;SL=rueckgerechnet,,,
D-074,SIE.DE,Long,2026-08-06,2026-09-01,269.00,256.90,1.11,unklar,"SL-UNDERLYING 280,00EUR (KO 217,00 + 6,30/BV 0,1) | Rechnung: 217,00 + 5,20/0,1 = 269,00","Tranchen-Risk 70x(5,20-3,99) = 84,70EUR | Rechnung: 217,00 + 3,99/0,1 = 256,90",E=rueckgerechnet;SL=rueckgerechnet,,,
D-075,JNJ,Long,2026-08-06,2026-08-21,255.95,246.50,2.83,Limit,"Notes #269: Basispreis 205,5101 USD, KO-Barriere 217,70 USD, BV 0,1 | Rechnung: 205,5101 + 4,38x1,1515/0,1 = 255,95 (R:R 2,01 bestaetigt)","Notes #269: der SL 246,50 liegt 28,80 USD ueber der Barriere",E=rueckgerechnet;SL=belegt,,,
D-076,ADBE,Short,2026-08-12,2026-08-20,261.30,278.49,-0.87,unklar,"Einstand 4,78 -> U 261,30 USD","SL 3,31 -> U 278,49 USD",E=belegt;SL=belegt,,1.57,
D-077,ENR.DE,Long,2026-08-18,2026-08-19,162.08,151.65,-1.01,Limit,"Kauf 5,24 -> ~109,68 + 52,40 = 162,08EUR","SL-UNDERLYING war NICHT 146,19, sondern 109,7521 + 41,90 = 151,65EUR",E=belegt;SL=belegt,,1.00,
D-078,PRY.MI,Long,2026-08-18,2026-08-24,127.60,119.22,-1.05,Markt,"ANNAHME BV 0,1 und Underlying 127,60 beim Fill","SL-UNDERLYING 119,22EUR (127,60 - 8,376)",E=belegt;SL=belegt,,,
D-079,CSX,Long,2026-08-18,2026-09-01,,,-0.93,Limit,"Bei exakt 5x Hebel (KO 40,31, Fill-U 50,38) | KO-Barriere nie abgelesen","SL-Underlying = KO + 0,74 x 1,1582 / 0,1 = KO + 8,571$",E=fehlt;SL=fehlt,,,
D-080,AMZN,Long,2026-08-18,2026-09-16,258.16,245.89,-1.06,Limit,"Fill-Underlying 258,16$, KO-Barriere 172,11$","bei KO 172,11 also 245,89$",E=belegt;SL=belegt,,,
D-081,IBE.MC,Long,2026-08-18,2026-09-01,20.13,19.72,-1.04,Markt,"ANNAHME BV 1,0 und Underlying 20,13 beim Fill","SL-UNDERLYING = KO + 3,59; bei KO 16,13 also 19,72EUR",E=belegt;SL=belegt,,,
D-082,SY1.DE,Long,2026-08-20,2026-09-01,88.75,86.05,1.61,unklar,"KO-Barriere 68,55EUR, BV 0,10, Vontobel DE000VJ18WR2 | Rechnung: 68,55 + 2,02/0,1 = 88,75","bis dahin laeuft der alte SL 1,75EUR | Rechnung: 68,55 + 1,75/0,1 = 86,05",E=rueckgerechnet;SL=rueckgerechnet,,,
D-083,MRK.DE,Long,2026-08-21,2026-09-07,138.20,133.58,-1,Markt,"Aus dem Zertifikatspreis folgt nur U minus KO = 28,20 | Rechnung: 133,58 + (2,82-2,36)/0,1 = 138,20","bei BV 0,1 und KO ~110 ist SL-Underlying 133,58",E=rueckgerechnet;SL=belegt,6.5,1.96,Journal-Notiz
D-084,PCAR,Long,2026-08-25,2026-08-28,130.19,125.28,-1,Markt,"der Kurs ist vom Entry 130,19$ auf 125,80$ durchgefallen","SL 3.12EUR (Underlying ~125,28$)",E=belegt;SL=belegt,,1.00,
D-085,ASML.AS,Long,2026-08-27,2026-09-01,1524.52,1446.82,-1.05,Markt,"FILL-UNDERLYING = 1.215,02 + 309,50 = 1.524,52EUR","im Broker scharfe OCO-SL 23,18EUR | Rechnung: 1.215,02 + 23,18/0,1 = 1.446,82",E=belegt;SL=rueckgerechnet,5.5,,Journal-Notiz
D-086,MU,Long,2026-08-28,2026-09-24,944.08,853.55,0.99,Markt,"Notes #446: Preis IN-ZONE bei 944,08$ | Rechnung: 635,70 + 26,57x1,1606/0,1 = 944,1 (FX 1,1606 implizit aus SL 18,77 <-> U 853,55)","Notes #446: SL 18,77EUR (U 853,55$, exakt 1,50 ATR)",E=rueckgerechnet;SL=belegt,,,
D-087,OR.PA,Long,2026-09-02,2026-09-23,383.42,372.40,-0.1,Markt,"U 383,05 vs. Fill 383,42","SL unveraendert 8,29 (U ~372,4)",E=belegt;SL=belegt,,,
D-088,UNH,Long,2026-09-03,2026-09-09,397.26,384.10,-1.08,unklar,"Entry-Underlying rekonstruiert = 304,20 + 8,02 x 1,1604/0,1 = 397,26$","Stopweite 1,5xATR = 13,16$ -> SL-U 384,10 = Zert 6,89EUR",E=belegt;SL=belegt,,0.98,
D-089,KNIN.SW,Long,2026-09-08,2026-09-30,212.96,206.43,1.19,Limit,"Notes #572: Fill-Underlying 212,96 CHF","Notes #572: Verkaufs-OCO ist SCHARF (SL 3,72EUR = U 206,43",E=belegt;SL=belegt,,,
D-090,HEN3.DE,Long,2026-09-09,2026-09-10,75.4742,73.7141,-1.02,Limit,"Fill-U 75,4742 am 09.09. (hart aus Zert 1,43, KO 61,1742, BV 0,1","SL_U 73,7141 = Zert 1,2540",E=belegt;SL=belegt,,1.00,
D-091,FRE.DE,Long,2026-09-09,2026-09-29,44.4193,43.0339,-1.21,Limit,"Fill-Underlying 44,4193","SL_U 43,0339 = Zert 0,6815",E=belegt;SL=belegt,,0.87,
D-092,G1A.DE,Long,2026-09-10,2026-10-08,64.00,62.45,1.76,unklar,"Notes #637: BV 0,1 / Basis 51,60 aus Zertpreis 1,24 bei Underlying 64,00","Notes #637: (SL 1,085 / TP1 1,490 / TP2 1,640) | Rechnung: 51,60 + 1,085/0,1 = 62,45",E=belegt;SL=rueckgerechnet,,,
D-093,DB1.DE,Long,2026-09-11,2026-10-06,276.2113,268.2208,1.76,unklar,"Notes #648: Fill-U 276,2113","Notes #648: SL_U 268,2208 = Zert 4,5510",E=belegt;SL=belegt,,,
D-094,CTAS,Long,2026-09-11,2026-09-23,201.50,195.8542,0.06,unklar,"RECHENWEG mit Fill-Underlying ~201,50 USD (Schluss 11.09.)","SL 14,8139 EUR (U 195,8542)",E=belegt;SL=belegt,7,,alt X/7
D-095,FANG,Long,2026-09-16,2026-09-17,199.92,191.16,-1.05,Limit,"Fill-U = 141,1026 + 5,10 x 1,1533 / 0,1 = 199,92 USD","SL Zert 4,34 EUR (U 191,16 = 1,51 ATR)",E=belegt;SL=belegt,,1.01,
D-096,AD.AS,Short,2026-09-17,2026-09-28,31.83,32.64,-0.89,Limit,"Fill-Underlying ~31,83-31,93 | Rechnung KO=Basis: 38,1267 - 0,63/0,1 = 31,83 (Untergrenze der Spanne)","SL Zert 0,549 (= Fill - 1,5xATR-1D x BV; U ~32,64-32,74) | Rechnung: 38,1267 - 0,549/0,1 = 32,64",E=rueckgerechnet;SL=rueckgerechnet,,1.0,
D-097,PFE,Long,2026-09-21,2026-10-02,27.68,26.75,0,unklar,Fill-Underlying geschaetzt U ~27.68,"SL U 26.75 (L25: TIW 26,90 - 0,30xATR 0,5084) = Zert 5.08",E=belegt;SL=belegt,,1.16,
D-098,MA,Long,2026-09-21,2026-09-22,568.75,555.79,-1,Stop-Buy,"Fill-U ~568,75 USD (GESCHAETZT","SL entry-relativ 1,5xATR-1D (8,64 -> 12,96): U 555,79 = Zert 9,02 EUR",E=belegt;SL=belegt,,0.99,
D-099,WMT,Short,2026-09-25,2026-10-08,107.47,110.66,-0.18,unklar,"Abrechnung Baader 25.09.2026 18:01: 450 Stk x 2,30 EUR, TurboP O.End Walmart 133,7 | Rechnung: 133,70 - 2,30 x 1,1406 / 0,1 = 107,47 (FX 1,1406 = derselbe Faktor wie SL 2,02 <-> U 110,66)","SL Broker 2,02 (U ~110,66)",E=rueckgerechnet;SL=belegt,,,
D-100,JST.DE,Long,2026-09-28,2026-10-08,61.67,58.97,0.01,unklar,"Notes #760: KO 50,1738, BV 0,1 rueckgerechnet, Fill-U ~61.67","Notes #760: SL 0.88 (U 58.97, L25)",E=belegt;SL=belegt,,,
D-101,DUE.DE,Short,2026-09-30,,17.06,17.88,,Limit,"Fill-U ~17.06 (geschaetzt, gegen Chart pruefen)","SL_U = MAX(Fill+1,5xATR 17,71 ; TIW 17,75+0,30xATR 17,88) = 17,88-17,89 (L25-Term)",E=belegt;SL=belegt,,0.89,
D-102,DHL.DE,Long,2026-10-01,2026-10-08,56.55,54.94,-1.09,unklar,"Fill-U ~56,55 (= 11,32 - 0,12 + 45,35, geschaetzt)","SL U 54,94 (= Fill-U - 1,5 x ATR-1D 1,0722",E=belegt;SL=belegt,,0.98,
D-103,RACE.MI,Long,2026-10-02,,341.65,329.00,,unklar,"Fill-U ~341,65 (Methode A: 343,65 + (6,75-6,95)/0,1, geschaetzt)","SL_U = MIN(341,65-1,5x8,43=329,00 ; TIW 335,00-0,30xATR=332,47) = 329,00 (ATR-Term)",E=belegt;SL=belegt,,0.94,
D-104,JEN.DE,Long,2026-10-06,2026-10-07,43.51,41.13,-1.07,Stop-Buy,Fill-U ~43.51 (rueckgerechnet aus Quote 14:03,"SL = MIN(43.51-1,5x1,586 ; 42,14-0,3x1,586) = U 41.13",E=belegt;SL=belegt,6.5,,Journal-Notiz
D-105,FPE3.DE,Long,2026-10-08,,43.95,42.78,,Markt,"Fill-U ~43,95 GESCHAETZT (Kurs 13:14 43,96)","L26-Puffer (43,50-42,78)/0,748 = 0,96 ATR",E=belegt;SL=belegt,,0.92,
A-007,DR0.DE,Long,2026-08-11,2026-08-24,87.60,81.87,0.81,unklar,"Original-SL 81,87 bei Entry 87,60","Original-SL 81,87 bei Entry 87,60",E=belegt;SL=belegt,7,0.99,alt X/7
A-008,NEX.PA,Long,2026-08-17,2026-09-14,141.50,133.15,-1.07,Markt,"18 Stk @ 141,50EUR = 2.547,00EUR","SL 133,15EUR — HERGELEITET AUS DER TIW",E=belegt;SL=belegt,,1.00,
A-009,NBIS,Long,2026-08-28,2026-10-08,221.96,188.56,0.61,Limit,"Notes #435: EURUSD 1,16517. LIMIT 190,53 EUR | Rechnung: Fill 190,50 EUR x 1,16517 = 221,96 USD","Notes #458: Gebucht als SL 18,77EUR (MU) und 161,83EUR (NBIS) | Rechnung: 161,83 x 1,16517 = 188,56 USD",E=rueckgerechnet;SL=rueckgerechnet,,,
A-010,LLY,Long,2026-09-23,2026-10-08,1180.71,1124.00,-0.54,unklar,"Fill-U ~1180.71 USD (GESCHAETZT, EURUSD 1.141)",gesetzt SL 1124.00 USD = 985.10 EUR,E=belegt;SL=belegt,,0.99,
A-011,SBLK,Long,2026-09-30,,29.785,27.94,,unklar,"Fill-U ~29,785 USD (geschaetzt)","= 27,94 USD (TIW-Term) = 24,64 EUR",E=belegt;SL=belegt,,0.98,
